{"cameraMode":{"drawMode":0,"name":"Shaded","section":"Shading Mode"},"sceneLighting":true,"audioPlay":false,"sceneViewState":{"showFog":true,"showMaterialUpdate":false,"showSkybox":true,"showFlares":true,"showImageEffects":true,"showParticleSystems":true},"in2DMode":false,"pivot":{"x":-3.651251792907715,"y":8.891312599182129,"z":-10.75356388092041},"rotation":{"x":0.3028876781463623,"y":0.29451829195022585,"z":-0.09901312738656998,"w":0.9009519815444946},"size":10.507786750793457,"orthographic":false}