{"cameraMode":{"drawMode":0,"name":"Shaded","section":"Shading Mode"},"sceneLighting":true,"audioPlay":false,"sceneViewState":{"showFog":true,"showMaterialUpdate":true,"showSkybox":true,"showFlares":true,"showImageEffects":true,"showParticleSystems":true},"in2DMode":false,"pivot":{"x":-1.1035332679748536,"y":-0.9329502582550049,"z":-0.8508107662200928},"rotation":{"x":-0.12394533306360245,"y":0.8729842305183411,"z":-0.29202136397361758,"w":-0.3705151081085205},"size":33.933746337890628,"orthographic":false}