{"cameraMode":{"drawMode":0,"name":"Shaded","section":"Shading Mode"},"sceneLighting":true,"audioPlay":false,"sceneViewState":{"showFog":true,"showMaterialUpdate":false,"showSkybox":true,"showFlares":true,"showImageEffects":true,"showParticleSystems":true},"in2DMode":false,"pivot":{"x":0.25237810611724856,"y":0.6966234445571899,"z":4.168282508850098},"rotation":{"x":0.2665002644062042,"y":-0.701683521270752,"z":0.32505062222480776,"w":0.5752912163734436},"size":3.3890798091888429,"orthographic":false}