{"cameraMode":{"drawMode":0,"name":"Shaded","section":"Shading Mode"},"sceneLighting":false,"audioPlay":false,"sceneViewState":{"showFog":true,"showMaterialUpdate":false,"showSkybox":true,"showFlares":true,"showImageEffects":true,"showParticleSystems":true},"in2DMode":false,"pivot":{"x":0.8499995470046997,"y":4.201469421386719,"z":2.5114474296569826},"rotation":{"x":0.3157990574836731,"y":-0.00906508881598711,"z":0.0030172981787472965,"w":0.9487780332565308},"size":5.836735248565674,"orthographic":false}