{"cameraMode":{"drawMode":0,"name":"Shaded","section":"Shading Mode"},"sceneLighting":true,"audioPlay":false,"sceneViewState":{"showFog":true,"showMaterialUpdate":false,"showSkybox":true,"showFlares":true,"showImageEffects":true,"showParticleSystems":true},"in2DMode":false,"pivot":{"x":4.917264461517334,"y":4.080448150634766,"z":11.191010475158692},"rotation":{"x":0.007510047871619463,"y":0.9407310485839844,"z":0.020875921472907068,"w":-0.33842727541923525},"size":2.8578836917877199,"orthographic":false}