{"cameraMode":{"drawMode":0,"name":"Shaded","section":"Shading Mode"},"sceneLighting":true,"audioPlay":false,"sceneViewState":{"showFog":true,"showMaterialUpdate":true,"showSkybox":true,"showFlares":true,"showImageEffects":true,"showParticleSystems":true},"in2DMode":false,"pivot":{"x":-3.20383882522583,"y":3.1271209716796877,"z":-6.575693130493164},"rotation":{"x":-0.46429070830345156,"y":0.36157432198524477,"z":-0.21541690826416017,"w":-0.7792994976043701},"size":33.41766357421875,"orthographic":false}