{"cameraMode":{"drawMode":0,"name":"Shaded","section":"Shading Mode"},"sceneLighting":true,"audioPlay":false,"sceneViewState":{"showFog":true,"showMaterialUpdate":false,"showSkybox":true,"showFlares":true,"showImageEffects":true,"showParticleSystems":true},"in2DMode":false,"pivot":{"x":-1.318153977394104,"y":-0.610386848449707,"z":-1.485860824584961},"rotation":{"x":0.22627587616443635,"y":0.022835958749055864,"z":-0.00530651630833745,"w":0.9737811088562012},"size":20.055980682373048,"orthographic":false}